selection;small-range;100;18105
selection;small-range;200;65551
selection;small-range;300;136674
selection;small-range;400;241805
selection;small-range;500;392832
selection;small-range;600;585091
selection;small-range;700;762288
selection;small-range;800;998681
selection;small-range;900;1317533
selection;small-range;1000;1569092
selection;small-range;1100;1869421
selection;small-range;1200;2296215
selection;small-range;1300;2790294
selection;small-range;1400;3260924
selection;small-range;1500;6207042
selection;small-range;1600;4429196
selection;small-range;1700;4705124
selection;small-range;1800;5000871
selection;small-range;1900;6173244
selection;small-range;2000;6246695
selection;small-range;2100;6672987
selection;small-range;2200;7365383
selection;small-range;2300;7945200
selection;small-range;2400;9133513
selection;small-range;2500;9051756
selection;small-range;2600;10004086
selection;small-range;2700;10346292
selection;small-range;2800;11048289
selection;small-range;2900;11894104
selection;small-range;3000;12537137
selection;small-range;3100;13280713
selection;small-range;3200;14233921
selection;small-range;3300;15345578
selection;small-range;3400;16103056
selection;small-range;3500;17552034
selection;small-range;3600;18044861
selection;small-range;3700;19573433
selection;small-range;3800;20137463
selection;small-range;3900;21040934
selection;small-range;4000;22417651
selection;small-range;4100;23425131
selection;big-range;100;15879
selection;big-range;200;59949
selection;big-range;300;165762
selection;big-range;400;244681
selection;big-range;500;373759
selection;big-range;600;555174
selection;big-range;700;697496
selection;big-range;800;936630
selection;big-range;900;1145732
selection;big-range;1000;1407179
selection;big-range;1100;1726526
selection;big-range;1200;2075300
selection;big-range;1300;2539301
selection;big-range;1400;2794330
selection;big-range;1500;3177686
selection;big-range;1600;3618008
selection;big-range;1700;4102381
selection;big-range;1800;4662658
selection;big-range;1900;5142854
selection;big-range;2000;5701295
selection;big-range;2100;6242565
selection;big-range;2200;6919241
selection;big-range;2300;8661801
selection;big-range;2400;15645720
selection;big-range;2500;9875922
selection;big-range;2600;9528343
selection;big-range;2700;10425579
selection;big-range;2800;11039057
selection;big-range;2900;11746044
selection;big-range;3000;12765143
selection;big-range;3100;14162786
selection;big-range;3200;14354112
selection;big-range;3300;15341145
selection;big-range;3400;16322544
selection;big-range;3500;17246865
selection;big-range;3600;18409804
selection;big-range;3700;19207846
selection;big-range;3800;20333185
selection;big-range;3900;21740020
selection;big-range;4000;22465633
selection;big-range;4100;23942392
selection;almost-sorted;100;15351
selection;almost-sorted;200;57699
selection;almost-sorted;300;126070
selection;almost-sorted;400;234685
selection;almost-sorted;500;373595
selection;almost-sorted;600;524431
selection;almost-sorted;700;723977
selection;almost-sorted;800;905137
selection;almost-sorted;900;1131930
selection;almost-sorted;1000;1439910
selection;almost-sorted;1100;1709150
selection;almost-sorted;1200;2019541
selection;almost-sorted;1300;2540266
selection;almost-sorted;1400;2798764
selection;almost-sorted;1500;3207125
selection;almost-sorted;1600;3673581
selection;almost-sorted;1700;4151148
selection;almost-sorted;1800;4631912
selection;almost-sorted;1900;5190551
selection;almost-sorted;2000;5748079
selection;almost-sorted;2100;6200992
selection;almost-sorted;2200;6797683
selection;almost-sorted;2300;7262055
selection;almost-sorted;2400;8125128
selection;almost-sorted;2500;8685990
selection;almost-sorted;2600;9409774
selection;almost-sorted;2700;10181193
selection;almost-sorted;2800;10897790
selection;almost-sorted;2900;11777633
selection;almost-sorted;3000;12581123
selection;almost-sorted;3100;13400169
selection;almost-sorted;3200;14530818
selection;almost-sorted;3300;15276161
selection;almost-sorted;3400;16100443
selection;almost-sorted;3500;17289213
selection;almost-sorted;3600;18019235
selection;almost-sorted;3700;19238627
selection;almost-sorted;3800;20972299
selection;almost-sorted;3900;21141705
selection;almost-sorted;4000;22370081
selection;almost-sorted;4100;23411029
selection;reversed;100;17461
selection;reversed;200;77269
selection;reversed;300;156999
selection;reversed;400;262701
selection;reversed;500;434281
selection;reversed;600;620655
selection;reversed;700;849912
selection;reversed;800;1086744
selection;reversed;900;1373967
selection;reversed;1000;1694673
selection;reversed;1100;2185426
selection;reversed;1200;2482355
selection;reversed;1300;2863051
selection;reversed;1400;3328773
selection;reversed;1500;3911482
selection;reversed;1600;4329001
selection;reversed;1700;4914506
selection;reversed;1800;5553416
selection;reversed;1900;6110316
selection;reversed;2000;6629561
selection;reversed;2100;7564342
selection;reversed;2200;8186030
selection;reversed;2300;8913978
selection;reversed;2400;9777303
selection;reversed;2500;10497183
selection;reversed;2600;11643228
selection;reversed;2700;12310270
selection;reversed;2800;13189219
selection;reversed;2900;14438336
selection;reversed;3000;14856654
selection;reversed;3100;16105696
selection;reversed;3200;17441635
selection;reversed;3300;18378565
selection;reversed;3400;19541772
selection;reversed;3500;20766497
selection;reversed;3600;21799384
selection;reversed;3700;23196879
selection;reversed;3800;24368909
selection;reversed;3900;25603017
selection;reversed;4000;26809841
selection;reversed;4100;28503460
bubble;small-range;100;26639
bubble;small-range;200;106843
bubble;small-range;300;257747
bubble;small-range;400;420255
bubble;small-range;500;698602
bubble;small-range;600;988482
bubble;small-range;700;1365499
bubble;small-range;800;1740607
bubble;small-range;900;2337374
bubble;small-range;1000;2845392
bubble;small-range;1100;3372099
bubble;small-range;1200;4115343
bubble;small-range;1300;5021747
bubble;small-range;1400;5597102
bubble;small-range;1500;6440768
bubble;small-range;1600;7362669
bubble;small-range;1700;8337870
bubble;small-range;1800;9383379
bubble;small-range;1900;10691171
bubble;small-range;2000;11802821
bubble;small-range;2100;13030246
bubble;small-range;2200;14311063
bubble;small-range;2300;16129123
bubble;small-range;2400;17279617
bubble;small-range;2500;19330509
bubble;small-range;2600;20521103
bubble;small-range;2700;22140965
bubble;small-range;2800;24297922
bubble;small-range;2900;26228302
bubble;small-range;3000;28062298
bubble;small-range;3100;29827295
bubble;small-range;3200;31598387
bubble;small-range;3300;33977666
bubble;small-range;3400;36084106
bubble;small-range;3500;38654355
bubble;small-range;3600;41161381
bubble;small-range;3700;43524382
bubble;small-range;3800;45915445
bubble;small-range;3900;48328697
bubble;small-range;4000;51271464
bubble;small-range;4100;54608979
bubble;big-range;100;30143
bubble;big-range;200;115263
bubble;big-range;300;257057
bubble;big-range;400;488843
bubble;big-range;500;789809
bubble;big-range;600;1123550
bubble;big-range;700;1423769
bubble;big-range;800;1839655
bubble;big-range;900;2383531
bubble;big-range;1000;2895485
bubble;big-range;1100;3476537
bubble;big-range;1200;4304769
bubble;big-range;1300;5144546
bubble;big-range;1400;5879782
bubble;big-range;1500;6747187
bubble;big-range;1600;7706054
bubble;big-range;1700;9124423
bubble;big-range;1800;9916463
bubble;big-range;1900;11372130
bubble;big-range;2000;12550093
bubble;big-range;2100;14039073
bubble;big-range;2200;15385952
bubble;big-range;2300;16869829
bubble;big-range;2400;18685976
bubble;big-range;2500;20100801
bubble;big-range;2600;22268265
bubble;big-range;2700;24404535
bubble;big-range;2800;25857830
bubble;big-range;2900;27537099
bubble;big-range;3000;29681960
bubble;big-range;3100;32022766
bubble;big-range;3200;34728740
bubble;big-range;3300;36695403
bubble;big-range;3400;38910945
bubble;big-range;3500;41241080
bubble;big-range;3600;44624472
bubble;big-range;3700;46287577
bubble;big-range;3800;48745288
bubble;big-range;3900;51539202
bubble;big-range;4000;54624343
bubble;big-range;4100;57553330
bubble;almost-sorted;100;15248
bubble;almost-sorted;200;56664
bubble;almost-sorted;300;131413
bubble;almost-sorted;400;225596
bubble;almost-sorted;500;388360
bubble;almost-sorted;600;496225
bubble;almost-sorted;700;722833
bubble;almost-sorted;800;900723
bubble;almost-sorted;900;1139373
bubble;almost-sorted;1000;1397700
bubble;almost-sorted;1100;1708330
bubble;almost-sorted;1200;2016453
bubble;almost-sorted;1300;2399644
bubble;almost-sorted;1400;2756976
bubble;almost-sorted;1500;3164044
bubble;almost-sorted;1600;3626436
bubble;almost-sorted;1700;4243417
bubble;almost-sorted;1800;4612857
bubble;almost-sorted;1900;5064299
bubble;almost-sorted;2000;5606666
bubble;almost-sorted;2100;6221036
bubble;almost-sorted;2200;6756681
bubble;almost-sorted;2300;7465130
bubble;almost-sorted;2400;8311968
bubble;almost-sorted;2500;8736114
bubble;almost-sorted;2600;9986556
bubble;almost-sorted;2700;10276474
bubble;almost-sorted;2800;10877316
bubble;almost-sorted;2900;12031350
bubble;almost-sorted;3000;12573885
bubble;almost-sorted;3100;13509851
bubble;almost-sorted;3200;14594521
bubble;almost-sorted;3300;15201742
bubble;almost-sorted;3400;16139400
bubble;almost-sorted;3500;17401958
bubble;almost-sorted;3600;18105730
bubble;almost-sorted;3700;19134665
bubble;almost-sorted;3800;20499315
bubble;almost-sorted;3900;21250136
bubble;almost-sorted;4000;22789577
bubble;almost-sorted;4100;23785422
bubble;reversed;100;36093
bubble;reversed;200;153760
bubble;reversed;300;350367
bubble;reversed;400;600317
bubble;reversed;500;977171
bubble;reversed;600;1368862
bubble;reversed;700;1843596
bubble;reversed;800;2475682
bubble;reversed;900;3232375
bubble;reversed;1000;3776885
bubble;reversed;1100;4667690
bubble;reversed;1200;5478126
bubble;reversed;1300;7130168
bubble;reversed;1400;7496147
bubble;reversed;1500;8611203
bubble;reversed;1600;10006092
bubble;reversed;1700;11129400
bubble;reversed;1800;12415443
bubble;reversed;1900;13710756
bubble;reversed;2000;15575965
bubble;reversed;2100;16915219
bubble;reversed;2200;18473442
bubble;reversed;2300;20430015
bubble;reversed;2400;22156040
bubble;reversed;2500;24190874
bubble;reversed;2600;26174956
bubble;reversed;2700;28805410
bubble;reversed;2800;30191328
bubble;reversed;2900;32311589
bubble;reversed;3000;35593842
bubble;reversed;3100;37604487
bubble;reversed;3200;39931066
bubble;reversed;3300;42279492
bubble;reversed;3400;44850365
bubble;reversed;3500;47271829
bubble;reversed;3600;49735841
bubble;reversed;3700;52800086
bubble;reversed;3800;55590440
bubble;reversed;3900;58444403
bubble;reversed;4000;61587173
bubble;reversed;4100;64719575
bubble-iverson-1;small-range;100;25701
bubble-iverson-1;small-range;200;105530
bubble-iverson-1;small-range;300;235076
bubble-iverson-1;small-range;400;458499
bubble-iverson-1;small-range;500;669257
bubble-iverson-1;small-range;600;1076080
bubble-iverson-1;small-range;700;1449994
bubble-iverson-1;small-range;800;1723701
bubble-iverson-1;small-range;900;2259987
bubble-iverson-1;small-range;1000;2821014
bubble-iverson-1;small-range;1100;3482644
bubble-iverson-1;small-range;1200;4105845
bubble-iverson-1;small-range;1300;4907168
bubble-iverson-1;small-range;1400;5682300
bubble-iverson-1;small-range;1500;6567408
bubble-iverson-1;small-range;1600;7455281
bubble-iverson-1;small-range;1700;8784209
bubble-iverson-1;small-range;1800;9720568
bubble-iverson-1;small-range;1900;11559307
bubble-iverson-1;small-range;2000;12159695
bubble-iverson-1;small-range;2100;13704166
bubble-iverson-1;small-range;2200;15035247
bubble-iverson-1;small-range;2300;16533040
bubble-iverson-1;small-range;2400;18090614
bubble-iverson-1;small-range;2500;19485524
bubble-iverson-1;small-range;2600;21006733
bubble-iverson-1;small-range;2700;23099374
bubble-iverson-1;small-range;2800;24654278
bubble-iverson-1;small-range;2900;27218182
bubble-iverson-1;small-range;3000;29253326
bubble-iverson-1;small-range;3100;30895492
bubble-iverson-1;small-range;3200;34246235
bubble-iverson-1;small-range;3300;36183395
bubble-iverson-1;small-range;3400;39143087
bubble-iverson-1;small-range;3500;40343352
bubble-iverson-1;small-range;3600;43035532
bubble-iverson-1;small-range;3700;45774619
bubble-iverson-1;small-range;3800;48229675
bubble-iverson-1;small-range;3900;51192555
bubble-iverson-1;small-range;4000;53062250
bubble-iverson-1;small-range;4100;56270108
bubble-iverson-1;big-range;100;36371
bubble-iverson-1;big-range;200;142592
bubble-iverson-1;big-range;300;290161
bubble-iverson-1;big-range;400;479898
bubble-iverson-1;big-range;500;767117
bubble-iverson-1;big-range;600;1131900
bubble-iverson-1;big-range;700;1522334
bubble-iverson-1;big-range;800;1977428
bubble-iverson-1;big-range;900;2576050
bubble-iverson-1;big-range;1000;3122412
bubble-iverson-1;big-range;1100;3776968
bubble-iverson-1;big-range;1200;4666994
bubble-iverson-1;big-range;1300;5403260
bubble-iverson-1;big-range;1400;6260799
bubble-iverson-1;big-range;1500;7304499
bubble-iverson-1;big-range;1600;8439169
bubble-iverson-1;big-range;1700;9460463
bubble-iverson-1;big-range;1800;10728244
bubble-iverson-1;big-range;1900;12022861
bubble-iverson-1;big-range;2000;13589529
bubble-iverson-1;big-range;2100;14743157
bubble-iverson-1;big-range;2200;16196836
bubble-iverson-1;big-range;2300;17948936
bubble-iverson-1;big-range;2400;19696441
bubble-iverson-1;big-range;2500;21221742
bubble-iverson-1;big-range;2600;23351081
bubble-iverson-1;big-range;2700;24949993
bubble-iverson-1;big-range;2800;27115219
bubble-iverson-1;big-range;2900;30273954
bubble-iverson-1;big-range;3000;31060802
bubble-iverson-1;big-range;3100;34306781
bubble-iverson-1;big-range;3200;35770002
bubble-iverson-1;big-range;3300;38257670
bubble-iverson-1;big-range;3400;40435783
bubble-iverson-1;big-range;3500;43167501
bubble-iverson-1;big-range;3600;45726191
bubble-iverson-1;big-range;3700;48295220
bubble-iverson-1;big-range;3800;51706025
bubble-iverson-1;big-range;3900;54865064
bubble-iverson-1;big-range;4000;57327717
bubble-iverson-1;big-range;4100;60238368
bubble-iverson-1;almost-sorted;100;3580
bubble-iverson-1;almost-sorted;200;8575
bubble-iverson-1;almost-sorted;300;14464
bubble-iverson-1;almost-sorted;400;20117
bubble-iverson-1;almost-sorted;500;25819
bubble-iverson-1;almost-sorted;600;33542
bubble-iverson-1;almost-sorted;700;42323
bubble-iverson-1;almost-sorted;800;46419
bubble-iverson-1;almost-sorted;900;66496
bubble-iverson-1;almost-sorted;1000;59236
bubble-iverson-1;almost-sorted;1100;70832
bubble-iverson-1;almost-sorted;1200;87376
bubble-iverson-1;almost-sorted;1300;83534
bubble-iverson-1;almost-sorted;1400;102308
bubble-iverson-1;almost-sorted;1500;98222
bubble-iverson-1;almost-sorted;1600;106424
bubble-iverson-1;almost-sorted;1700;114179
bubble-iverson-1;almost-sorted;1800;121731
bubble-iverson-1;almost-sorted;1900;127810
bubble-iverson-1;almost-sorted;2000;133223
bubble-iverson-1;almost-sorted;2100;161985
bubble-iverson-1;almost-sorted;2200;177953
bubble-iverson-1;almost-sorted;2300;187872
bubble-iverson-1;almost-sorted;2400;206108
bubble-iverson-1;almost-sorted;2500;203912
bubble-iverson-1;almost-sorted;2600;232218
bubble-iverson-1;almost-sorted;2700;229691
bubble-iverson-1;almost-sorted;2800;230408
bubble-iverson-1;almost-sorted;2900;230146
bubble-iverson-1;almost-sorted;3000;246372
bubble-iverson-1;almost-sorted;3100;11951411
bubble-iverson-1;almost-sorted;3200;12817428
bubble-iverson-1;almost-sorted;3300;13138125
bubble-iverson-1;almost-sorted;3400;13649926
bubble-iverson-1;almost-sorted;3500;14940193
bubble-iverson-1;almost-sorted;3600;18232063
bubble-iverson-1;almost-sorted;3700;18672761
bubble-iverson-1;almost-sorted;3800;19685811
bubble-iverson-1;almost-sorted;3900;21404415
bubble-iverson-1;almost-sorted;4000;22651837
bubble-iverson-1;almost-sorted;4100;23821445
bubble-iverson-1;reversed;100;43156
bubble-iverson-1;reversed;200;155807
bubble-iverson-1;reversed;300;365094
bubble-iverson-1;reversed;400;634873
bubble-iverson-1;reversed;500;1031719
bubble-iverson-1;reversed;600;1488658
bubble-iverson-1;reversed;700;2001558
bubble-iverson-1;reversed;800;2781175
bubble-iverson-1;reversed;900;3309382
bubble-iverson-1;reversed;1000;4058736
bubble-iverson-1;reversed;1100;5019705
bubble-iverson-1;reversed;1200;5885012
bubble-iverson-1;reversed;1300;6860753
bubble-iverson-1;reversed;1400;7971476
bubble-iverson-1;reversed;1500;9262007
bubble-iverson-1;reversed;1600;10644831
bubble-iverson-1;reversed;1700;11751539
bubble-iverson-1;reversed;1800;13228899
bubble-iverson-1;reversed;1900;14907748
bubble-iverson-1;reversed;2000;16400025
bubble-iverson-1;reversed;2100;18044221
bubble-iverson-1;reversed;2200;20071876
bubble-iverson-1;reversed;2300;22320344
bubble-iverson-1;reversed;2400;23896332
bubble-iverson-1;reversed;2500;25575876
bubble-iverson-1;reversed;2600;27801094
bubble-iverson-1;reversed;2700;29906697
bubble-iverson-1;reversed;2800;32276332
bubble-iverson-1;reversed;2900;34647833
bubble-iverson-1;reversed;3000;37158790
bubble-iverson-1;reversed;3100;39429837
bubble-iverson-1;reversed;3200;42595306
bubble-iverson-1;reversed;3300;45185883
bubble-iverson-1;reversed;3400;47589277
bubble-iverson-1;reversed;3500;51214319
bubble-iverson-1;reversed;3600;53600669
bubble-iverson-1;reversed;3700;56255549
bubble-iverson-1;reversed;3800;59440936
bubble-iverson-1;reversed;3900;62432167
bubble-iverson-1;reversed;4000;65565274
bubble-iverson-1;reversed;4100;69292267
bubble-iverson-2;small-range;100;28511
bubble-iverson-2;small-range;200;165817
bubble-iverson-2;small-range;300;253984
bubble-iverson-2;small-range;400;459220
bubble-iverson-2;small-range;500;770958
bubble-iverson-2;small-range;600;1110814
bubble-iverson-2;small-range;700;1526298
bubble-iverson-2;small-range;800;1953881
bubble-iverson-2;small-range;900;2480943
bubble-iverson-2;small-range;1000;2990349
bubble-iverson-2;small-range;1100;3667030
bubble-iverson-2;small-range;1200;4330583
bubble-iverson-2;small-range;1300;5148338
bubble-iverson-2;small-range;1400;6038668
bubble-iverson-2;small-range;1500;7128229
bubble-iverson-2;small-range;1600;8080950
bubble-iverson-2;small-range;1700;9168824
bubble-iverson-2;small-range;1800;10331608
bubble-iverson-2;small-range;1900;11554503
bubble-iverson-2;small-range;2000;13042492
bubble-iverson-2;small-range;2100;14359654
bubble-iverson-2;small-range;2200;15926225
bubble-iverson-2;small-range;2300;17399516
bubble-iverson-2;small-range;2400;18910613
bubble-iverson-2;small-range;2500;21455262
bubble-iverson-2;small-range;2600;22832579
bubble-iverson-2;small-range;2700;24506281
bubble-iverson-2;small-range;2800;26720240
bubble-iverson-2;small-range;2900;28890265
bubble-iverson-2;small-range;3000;30988235
bubble-iverson-2;small-range;3100;33079979
bubble-iverson-2;small-range;3200;35180432
bubble-iverson-2;small-range;3300;37327248
bubble-iverson-2;small-range;3400;39893036
bubble-iverson-2;small-range;3500;42330063
bubble-iverson-2;small-range;3600;44643005
bubble-iverson-2;small-range;3700;47377596
bubble-iverson-2;small-range;3800;50962688
bubble-iverson-2;small-range;3900;53125000
bubble-iverson-2;small-range;4000;55980308
bubble-iverson-2;small-range;4100;58987930
bubble-iverson-2;big-range;100;34110
bubble-iverson-2;big-range;200;124954
bubble-iverson-2;big-range;300;284886
bubble-iverson-2;big-range;400;487677
bubble-iverson-2;big-range;500;820058
bubble-iverson-2;big-range;600;1192464
bubble-iverson-2;big-range;700;1587741
bubble-iverson-2;big-range;800;2061715
bubble-iverson-2;big-range;900;2657859
bubble-iverson-2;big-range;1000;3377103
bubble-iverson-2;big-range;1100;4024165
bubble-iverson-2;big-range;1200;4859405
bubble-iverson-2;big-range;1300;5833558
bubble-iverson-2;big-range;1400;6766423
bubble-iverson-2;big-range;1500;7891022
bubble-iverson-2;big-range;1600;9107768
bubble-iverson-2;big-range;1700;10092663
bubble-iverson-2;big-range;1800;11409857
bubble-iverson-2;big-range;1900;12807036
bubble-iverson-2;big-range;2000;14412180
bubble-iverson-2;big-range;2100;15890529
bubble-iverson-2;big-range;2200;17461730
bubble-iverson-2;big-range;2300;19622818
bubble-iverson-2;big-range;2400;20984381
bubble-iverson-2;big-range;2500;23133813
bubble-iverson-2;big-range;2600;24992083
bubble-iverson-2;big-range;2700;27209602
bubble-iverson-2;big-range;2800;29119971
bubble-iverson-2;big-range;2900;31527630
bubble-iverson-2;big-range;3000;33738152
bubble-iverson-2;big-range;3100;35805333
bubble-iverson-2;big-range;3200;38474468
bubble-iverson-2;big-range;3300;41119157
bubble-iverson-2;big-range;3400;43867350
bubble-iverson-2;big-range;3500;46358005
bubble-iverson-2;big-range;3600;49358074
bubble-iverson-2;big-range;3700;52451876
bubble-iverson-2;big-range;3800;54769919
bubble-iverson-2;big-range;3900;57877681
bubble-iverson-2;big-range;4000;62392884
bubble-iverson-2;big-range;4100;65233471
bubble-iverson-2;almost-sorted;100;5267
bubble-iverson-2;almost-sorted;200;14610
bubble-iverson-2;almost-sorted;300;27480
bubble-iverson-2;almost-sorted;400;42822
bubble-iverson-2;almost-sorted;500;75628
bubble-iverson-2;almost-sorted;600;46974
bubble-iverson-2;almost-sorted;700;64735
bubble-iverson-2;almost-sorted;800;61512
bubble-iverson-2;almost-sorted;900;74504
bubble-iverson-2;almost-sorted;1000;108765
bubble-iverson-2;almost-sorted;1100;275465
bubble-iverson-2;almost-sorted;1200;106157
bubble-iverson-2;almost-sorted;1300;203531
bubble-iverson-2;almost-sorted;1400;128643
bubble-iverson-2;almost-sorted;1500;227031
bubble-iverson-2;almost-sorted;1600;191907
bubble-iverson-2;almost-sorted;1700;216466
bubble-iverson-2;almost-sorted;1800;535391
bubble-iverson-2;almost-sorted;1900;685328
bubble-iverson-2;almost-sorted;2000;716594
bubble-iverson-2;almost-sorted;2100;860948
bubble-iverson-2;almost-sorted;2200;240130
bubble-iverson-2;almost-sorted;2300;1270771
bubble-iverson-2;almost-sorted;2400;241838
bubble-iverson-2;almost-sorted;2500;1113911
bubble-iverson-2;almost-sorted;2600;352896
bubble-iverson-2;almost-sorted;2700;1842512
bubble-iverson-2;almost-sorted;2800;1584758
bubble-iverson-2;almost-sorted;2900;660382
bubble-iverson-2;almost-sorted;3000;2907396
bubble-iverson-2;almost-sorted;3100;11923452
bubble-iverson-2;almost-sorted;3200;12006716
bubble-iverson-2;almost-sorted;3300;12829271
bubble-iverson-2;almost-sorted;3400;12170469
bubble-iverson-2;almost-sorted;3500;12440205
bubble-iverson-2;almost-sorted;3600;17625563
bubble-iverson-2;almost-sorted;3700;18146101
bubble-iverson-2;almost-sorted;3800;17855483
bubble-iverson-2;almost-sorted;3900;20965706
bubble-iverson-2;almost-sorted;4000;22201475
bubble-iverson-2;almost-sorted;4100;23846755
bubble-iverson-2;reversed;100;43429
bubble-iverson-2;reversed;200;219597
bubble-iverson-2;reversed;300;401379
bubble-iverson-2;reversed;400;693794
bubble-iverson-2;reversed;500;1147188
bubble-iverson-2;reversed;600;1649001
bubble-iverson-2;reversed;700;2249523
bubble-iverson-2;reversed;800;2873039
bubble-iverson-2;reversed;900;3682787
bubble-iverson-2;reversed;1000;4451928
bubble-iverson-2;reversed;1100;5465381
bubble-iverson-2;reversed;1200;6520211
bubble-iverson-2;reversed;1300;7593246
bubble-iverson-2;reversed;1400;9015633
bubble-iverson-2;reversed;1500;10240493
bubble-iverson-2;reversed;1600;11546980
bubble-iverson-2;reversed;1700;12995959
bubble-iverson-2;reversed;1800;14816193
bubble-iverson-2;reversed;1900;16256603
bubble-iverson-2;reversed;2000;18002992
bubble-iverson-2;reversed;2100;20192317
bubble-iverson-2;reversed;2200;21952880
bubble-iverson-2;reversed;2300;24192796
bubble-iverson-2;reversed;2400;26012801
bubble-iverson-2;reversed;2500;28539259
bubble-iverson-2;reversed;2600;30424153
bubble-iverson-2;reversed;2700;33040344
bubble-iverson-2;reversed;2800;35648960
bubble-iverson-2;reversed;2900;38204803
bubble-iverson-2;reversed;3000;40909270
bubble-iverson-2;reversed;3100;43274485
bubble-iverson-2;reversed;3200;46358915
bubble-iverson-2;reversed;3300;50158275
bubble-iverson-2;reversed;3400;52453520
bubble-iverson-2;reversed;3500;56726707
bubble-iverson-2;reversed;3600;62230569
bubble-iverson-2;reversed;3700;62963046
bubble-iverson-2;reversed;3800;65530358
bubble-iverson-2;reversed;3900;68951786
bubble-iverson-2;reversed;4000;72396975
bubble-iverson-2;reversed;4100;76050343
insertion;small-range;100;13429
insertion;small-range;200;52337
insertion;small-range;300;139688
insertion;small-range;400;204293
insertion;small-range;500;312015
insertion;small-range;600;509130
insertion;small-range;700;608823
insertion;small-range;800;866392
insertion;small-range;900;1082623
insertion;small-range;1000;1307178
insertion;small-range;1100;1617128
insertion;small-range;1200;1926940
insertion;small-range;1300;2246598
insertion;small-range;1400;2634452
insertion;small-range;1500;2965333
insertion;small-range;1600;3469559
insertion;small-range;1700;4093490
insertion;small-range;1800;4291960
insertion;small-range;1900;4950996
insertion;small-range;2000;5320605
insertion;small-range;2100;5903883
insertion;small-range;2200;6497277
insertion;small-range;2300;7687365
insertion;small-range;2400;7942427
insertion;small-range;2500;8375232
insertion;small-range;2600;9089282
insertion;small-range;2700;9690199
insertion;small-range;2800;10425679
insertion;small-range;2900;11495415
insertion;small-range;3000;12067388
insertion;small-range;3100;12845557
insertion;small-range;3200;13676397
insertion;small-range;3300;14720902
insertion;small-range;3400;15536265
insertion;small-range;3500;16371495
insertion;small-range;3600;17524831
insertion;small-range;3700;18325896
insertion;small-range;3800;19703336
insertion;small-range;3900;20242749
insertion;small-range;4000;21407108
insertion;small-range;4100;22450681
insertion;big-range;100;558
insertion;big-range;200;1064
insertion;big-range;300;1575
insertion;big-range;400;2088
insertion;big-range;500;2607
insertion;big-range;600;3154
insertion;big-range;700;3632
insertion;big-range;800;4189
insertion;big-range;900;4660
insertion;big-range;1000;5082
insertion;big-range;1100;5606
insertion;big-range;1200;6182
insertion;big-range;1300;6724
insertion;big-range;1400;7171
insertion;big-range;1500;7606
insertion;big-range;1600;8244
insertion;big-range;1700;9531
insertion;big-range;1800;9385
insertion;big-range;1900;9666
insertion;big-range;2000;11590
insertion;big-range;2100;10986
insertion;big-range;2200;11218
insertion;big-range;2300;13821
insertion;big-range;2400;12441
insertion;big-range;2500;13049
insertion;big-range;2600;13391
insertion;big-range;2700;13643
insertion;big-range;2800;14203
insertion;big-range;2900;14933
insertion;big-range;3000;21925
insertion;big-range;3100;15837
insertion;big-range;3200;16506
insertion;big-range;3300;17006
insertion;big-range;3400;17240
insertion;big-range;3500;20362
insertion;big-range;3600;18624
insertion;big-range;3700;19195
insertion;big-range;3800;21531
insertion;big-range;3900;23474
insertion;big-range;4000;20457
insertion;big-range;4100;24976
insertion;almost-sorted;100;542
insertion;almost-sorted;200;1049
insertion;almost-sorted;300;1538
insertion;almost-sorted;400;2040
insertion;almost-sorted;500;4853
insertion;almost-sorted;600;3046
insertion;almost-sorted;700;3545
insertion;almost-sorted;800;5905
insertion;almost-sorted;900;6231
insertion;almost-sorted;1000;5218
insertion;almost-sorted;1100;5716
insertion;almost-sorted;1200;6111
insertion;almost-sorted;1300;6598
insertion;almost-sorted;1400;7081
insertion;almost-sorted;1500;7574
insertion;almost-sorted;1600;10028
insertion;almost-sorted;1700;8738
insertion;almost-sorted;1800;9313
insertion;almost-sorted;1900;9877
insertion;almost-sorted;2000;10332
insertion;almost-sorted;2100;10912
insertion;almost-sorted;2200;11352
insertion;almost-sorted;2300;11714
insertion;almost-sorted;2400;12342
insertion;almost-sorted;2500;12944
insertion;almost-sorted;2600;16914
insertion;almost-sorted;2700;18552
insertion;almost-sorted;2800;16155
insertion;almost-sorted;2900;14647
insertion;almost-sorted;3000;15516
insertion;almost-sorted;3100;22577
insertion;almost-sorted;3200;18315
insertion;almost-sorted;3300;16861
insertion;almost-sorted;3400;19588
insertion;almost-sorted;3500;17863
insertion;almost-sorted;3600;18451
insertion;almost-sorted;3700;29609
insertion;almost-sorted;3800;19525
insertion;almost-sorted;3900;21599
insertion;almost-sorted;4000;20717
insertion;almost-sorted;4100;21205
insertion;reversed;100;13642
insertion;reversed;200;51894
insertion;reversed;300;121591
insertion;reversed;400;244242
insertion;reversed;500;331086
insertion;reversed;600;458230
insertion;reversed;700;707166
insertion;reversed;800;860484
insertion;reversed;900;1057158
insertion;reversed;1000;1370192
insertion;reversed;1100;1798062
insertion;reversed;1200;1907706
insertion;reversed;1300;2303158
insertion;reversed;1400;2630951
insertion;reversed;1500;2989068
insertion;reversed;1600;3406983
insertion;reversed;1700;3885933
insertion;reversed;1800;4372501
insertion;reversed;1900;4683171
insertion;reversed;2000;5305958
insertion;reversed;2100;5884444
insertion;reversed;2200;6674368
insertion;reversed;2300;7139666
insertion;reversed;2400;7751934
insertion;reversed;2500;8375068
insertion;reversed;2600;9043497
insertion;reversed;2700;10077378
insertion;reversed;2800;10495698
insertion;reversed;2900;11278960
insertion;reversed;3000;11974711
insertion;reversed;3100;13449657
insertion;reversed;3200;13859655
insertion;reversed;3300;14546831
insertion;reversed;3400;15708074
insertion;reversed;3500;16337814
insertion;reversed;3600;17796891
insertion;reversed;3700;18894830
insertion;reversed;3800;19287945
insertion;reversed;3900;20642419
insertion;reversed;4000;21329212
insertion;reversed;4100;22520996
bin-insertion;small-range;100;39295
bin-insertion;small-range;200;120443
bin-insertion;small-range;300;270789
bin-insertion;small-range;400;358400
bin-insertion;small-range;500;512459
bin-insertion;small-range;600;744856
bin-insertion;small-range;700;981988
bin-insertion;small-range;800;1288713
bin-insertion;small-range;900;1705608
bin-insertion;small-range;1000;1992033
bin-insertion;small-range;1100;2353074
bin-insertion;small-range;1200;2844215
bin-insertion;small-range;1300;3337405
bin-insertion;small-range;1400;3878429
bin-insertion;small-range;1500;4369717
bin-insertion;small-range;1600;4946180
bin-insertion;small-range;1700;5619938
bin-insertion;small-range;1800;6256101
bin-insertion;small-range;1900;7116992
bin-insertion;small-range;2000;7771861
bin-insertion;small-range;2100;8570532
bin-insertion;small-range;2200;9299705
bin-insertion;small-range;2300;10227211
bin-insertion;small-range;2400;11209965
bin-insertion;small-range;2500;12139109
bin-insertion;small-range;2600;12939191
bin-insertion;small-range;2700;13910516
bin-insertion;small-range;2800;15134763
bin-insertion;small-range;2900;16056774
bin-insertion;small-range;3000;16957898
bin-insertion;small-range;3100;18506422
bin-insertion;small-range;3200;19288720
bin-insertion;small-range;3300;20750768
bin-insertion;small-range;3400;21911180
bin-insertion;small-range;3500;23448637
bin-insertion;small-range;3600;24604494
bin-insertion;small-range;3700;26075414
bin-insertion;small-range;3800;27341288
bin-insertion;small-range;3900;28833238
bin-insertion;small-range;4000;30484206
bin-insertion;small-range;4100;31942534
bin-insertion;big-range;100;22432
bin-insertion;big-range;200;80301
bin-insertion;big-range;300;164429
bin-insertion;big-range;400;335859
bin-insertion;big-range;500;445829
bin-insertion;big-range;600;652463
bin-insertion;big-range;700;855591
bin-insertion;big-range;800;1101212
bin-insertion;big-range;900;1361252
bin-insertion;big-range;1000;1669213
bin-insertion;big-range;1100;2037708
bin-insertion;big-range;1200;2710170
bin-insertion;big-range;1300;2929898
bin-insertion;big-range;1400;3331943
bin-insertion;big-range;1500;3910268
bin-insertion;big-range;1600;4453097
bin-insertion;big-range;1700;4836862
bin-insertion;big-range;1800;5385610
bin-insertion;big-range;1900;6060775
bin-insertion;big-range;2000;6754853
bin-insertion;big-range;2100;7496062
bin-insertion;big-range;2200;8166827
bin-insertion;big-range;2300;8961889
bin-insertion;big-range;2400;9571188
bin-insertion;big-range;2500;10333550
bin-insertion;big-range;2600;11370079
bin-insertion;big-range;2700;11980788
bin-insertion;big-range;2800;12769402
bin-insertion;big-range;2900;13682039
bin-insertion;big-range;3000;14751167
bin-insertion;big-range;3100;15652166
bin-insertion;big-range;3200;16780632
bin-insertion;big-range;3300;17950463
bin-insertion;big-range;3400;19082757
bin-insertion;big-range;3500;20512113
bin-insertion;big-range;3600;21482270
bin-insertion;big-range;3700;23290828
bin-insertion;big-range;3800;23850993
bin-insertion;big-range;3900;25239892
bin-insertion;big-range;4000;26426803
bin-insertion;big-range;4100;28800086
bin-insertion;almost-sorted;100;7472
bin-insertion;almost-sorted;200;17625
bin-insertion;almost-sorted;300;29108
bin-insertion;almost-sorted;400;41473
bin-insertion;almost-sorted;500;54012
bin-insertion;almost-sorted;600;78696
bin-insertion;almost-sorted;700;82466
bin-insertion;almost-sorted;800;95805
bin-insertion;almost-sorted;900;109953
bin-insertion;almost-sorted;1000;134249
bin-insertion;almost-sorted;1100;153605
bin-insertion;almost-sorted;1200;153856
bin-insertion;almost-sorted;1300;174862
bin-insertion;almost-sorted;1400;198503
bin-insertion;almost-sorted;1500;216448
bin-insertion;almost-sorted;1600;215940
bin-insertion;almost-sorted;1700;244690
bin-insertion;almost-sorted;1800;247002
bin-insertion;almost-sorted;1900;294263
bin-insertion;almost-sorted;2000;279341
bin-insertion;almost-sorted;2100;316180
bin-insertion;almost-sorted;2200;323518
bin-insertion;almost-sorted;2300;351296
bin-insertion;almost-sorted;2400;365767
bin-insertion;almost-sorted;2500;369965
bin-insertion;almost-sorted;2600;387462
bin-insertion;almost-sorted;2700;418094
bin-insertion;almost-sorted;2800;437550
bin-insertion;almost-sorted;2900;454230
bin-insertion;almost-sorted;3000;478818
bin-insertion;almost-sorted;3100;523664
bin-insertion;almost-sorted;3200;555231
bin-insertion;almost-sorted;3300;501694
bin-insertion;almost-sorted;3400;535244
bin-insertion;almost-sorted;3500;544310
bin-insertion;almost-sorted;3600;613266
bin-insertion;almost-sorted;3700;592664
bin-insertion;almost-sorted;3800;600734
bin-insertion;almost-sorted;3900;628815
bin-insertion;almost-sorted;4000;692988
bin-insertion;almost-sorted;4100;839232
bin-insertion;reversed;100;35977
bin-insertion;reversed;200;133948
bin-insertion;reversed;300;337141
bin-insertion;reversed;400;533872
bin-insertion;reversed;500;835116
bin-insertion;reversed;600;1211841
bin-insertion;reversed;700;1611386
bin-insertion;reversed;800;2121475
bin-insertion;reversed;900;2661886
bin-insertion;reversed;1000;3264949
bin-insertion;reversed;1100;3966887
bin-insertion;reversed;1200;4659561
bin-insertion;reversed;1300;5512469
bin-insertion;reversed;1400;6584462
bin-insertion;reversed;1500;7331058
bin-insertion;reversed;1600;8259353
bin-insertion;reversed;1700;9354476
bin-insertion;reversed;1800;10539515
bin-insertion;reversed;1900;11867856
bin-insertion;reversed;2000;13147680
bin-insertion;reversed;2100;14403776
bin-insertion;reversed;2200;15771740
bin-insertion;reversed;2300;17695150
bin-insertion;reversed;2400;18729463
bin-insertion;reversed;2500;20384771
bin-insertion;reversed;2600;21813492
bin-insertion;reversed;2700;24317644
bin-insertion;reversed;2800;25348958
bin-insertion;reversed;2900;27260811
bin-insertion;reversed;3000;29121238
bin-insertion;reversed;3100;31310102
bin-insertion;reversed;3200;33442285
bin-insertion;reversed;3300;35337311
bin-insertion;reversed;3400;37065019
bin-insertion;reversed;3500;39619352
bin-insertion;reversed;3600;41780744
bin-insertion;reversed;3700;44246186
bin-insertion;reversed;3800;46544677
bin-insertion;reversed;3900;49258187
bin-insertion;reversed;4000;52075074
bin-insertion;reversed;4100;55071904
counting;small-range;100;23282
counting;small-range;200;22503
counting;small-range;300;23198
counting;small-range;400;31690
counting;small-range;500;24577
counting;small-range;600;25672
counting;small-range;700;26013
counting;small-range;800;26508
counting;small-range;900;27302
counting;small-range;1000;32793
counting;small-range;1100;28261
counting;small-range;1200;28356
counting;small-range;1300;32540
counting;small-range;1400;31686
counting;small-range;1500;31387
counting;small-range;1600;38206
counting;small-range;1700;41916
counting;small-range;1800;37887
counting;small-range;1900;33064
counting;small-range;2000;34149
counting;small-range;2100;35068
counting;small-range;2200;39712
counting;small-range;2300;42980
counting;small-range;2400;42625
counting;small-range;2500;44765
counting;small-range;2600;38020
counting;small-range;2700;40464
counting;small-range;2800;38641
counting;small-range;2900;68275
counting;small-range;3000;48133
counting;small-range;3100;43520
counting;small-range;3200;60094
counting;small-range;3300;46440
counting;small-range;3400;49578
counting;small-range;3500;43927
counting;small-range;3600;48360
counting;small-range;3700;46626
counting;small-range;3800;47332
counting;small-range;3900;48085
counting;small-range;4000;47013
counting;small-range;4100;48413
counting;big-range;100;22409
counting;big-range;200;22688
counting;big-range;300;32017
counting;big-range;400;25093
counting;big-range;500;25932
counting;big-range;600;27027
counting;big-range;700;37693
counting;big-range;800;33072
counting;big-range;900;40041
counting;big-range;1000;30647
counting;big-range;1100;36218
counting;big-range;1200;35178
counting;big-range;1300;36693
counting;big-range;1400;38280
counting;big-range;1500;45305
counting;big-range;1600;38960
counting;big-range;1700;46548
counting;big-range;1800;41200
counting;big-range;1900;46221
counting;big-range;2000;44763
counting;big-range;2100;44854
counting;big-range;2200;47076
counting;big-range;2300;59005
counting;big-range;2400;49086
counting;big-range;2500;58032
counting;big-range;2600;51944
counting;big-range;2700;53048
counting;big-range;2800;63110
counting;big-range;2900;60820
counting;big-range;3000;56837
counting;big-range;3100;56787
counting;big-range;3200;56713
counting;big-range;3300;58293
counting;big-range;3400;68724
counting;big-range;3500;59118
counting;big-range;3600;58454
counting;big-range;3700;59850
counting;big-range;3800;68541
counting;big-range;3900;60952
counting;big-range;4000;64209
counting;big-range;4100;62383
counting;almost-sorted;100;23264
counting;almost-sorted;200;22532
counting;almost-sorted;300;23211
counting;almost-sorted;400;23619
counting;almost-sorted;500;31060
counting;almost-sorted;600;30749
counting;almost-sorted;700;37449
counting;almost-sorted;800;34070
counting;almost-sorted;900;29158
counting;almost-sorted;1000;27913
counting;almost-sorted;1100;28987
counting;almost-sorted;1200;29174
counting;almost-sorted;1300;31896
counting;almost-sorted;1400;30902
counting;almost-sorted;1500;31121
counting;almost-sorted;1600;34319
counting;almost-sorted;1700;32522
counting;almost-sorted;1800;37274
counting;almost-sorted;1900;34055
counting;almost-sorted;2000;48480
counting;almost-sorted;2100;34645
counting;almost-sorted;2200;40144
counting;almost-sorted;2300;47382
counting;almost-sorted;2400;38771
counting;almost-sorted;2500;37701
counting;almost-sorted;2600;37902
counting;almost-sorted;2700;40579
counting;almost-sorted;2800;39432
counting;almost-sorted;2900;43799
counting;almost-sorted;3000;42354
counting;almost-sorted;3100;41473
counting;almost-sorted;3200;41667
counting;almost-sorted;3300;42839
counting;almost-sorted;3400;43008
counting;almost-sorted;3500;43935
counting;almost-sorted;3600;44902
counting;almost-sorted;3700;45306
counting;almost-sorted;3800;46040
counting;almost-sorted;3900;46338
counting;almost-sorted;4000;47884
counting;almost-sorted;4100;47651
counting;reversed;100;22846
counting;reversed;200;22556
counting;reversed;300;23251
counting;reversed;400;30880
counting;reversed;500;24094
counting;reversed;600;24739
counting;reversed;700;29331
counting;reversed;800;25901
counting;reversed;900;26513
counting;reversed;1000;27580
counting;reversed;1100;28804
counting;reversed;1200;29144
counting;reversed;1300;33307
counting;reversed;1400;31875
counting;reversed;1500;31388
counting;reversed;1600;34232
counting;reversed;1700;48274
counting;reversed;1800;33184
counting;reversed;1900;33119
counting;reversed;2000;37226
counting;reversed;2100;35071
counting;reversed;2200;35719
counting;reversed;2300;35793
counting;reversed;2400;38597
counting;reversed;2500;41333
counting;reversed;2600;38334
counting;reversed;2700;44098
counting;reversed;2800;43523
counting;reversed;2900;42838
counting;reversed;3000;41211
counting;reversed;3100;41084
counting;reversed;3200;45245
counting;reversed;3300;43398
counting;reversed;3400;42884
counting;reversed;3500;46540
counting;reversed;3600;44124
counting;reversed;3700;45455
counting;reversed;3800;47404
counting;reversed;3900;50470
counting;reversed;4000;47575
counting;reversed;4100;48031
radix;small-range;100;48941
radix;small-range;200;67130
radix;small-range;300;68722
radix;small-range;400;119105
radix;small-range;500;127904
radix;small-range;600;123107
radix;small-range;700;145856
radix;small-range;800;178423
radix;small-range;900;191936
radix;small-range;1000;194810
radix;small-range;1100;235162
radix;small-range;1200;238873
radix;small-range;1300;260521
radix;small-range;1400;268260
radix;small-range;1500;295063
radix;small-range;1600;316165
radix;small-range;1700;330848
radix;small-range;1800;370694
radix;small-range;1900;412638
radix;small-range;2000;403739
radix;small-range;2100;411175
radix;small-range;2200;451171
radix;small-range;2300;464816
radix;small-range;2400;473346
radix;small-range;2500;508243
radix;small-range;2600;508316
radix;small-range;2700;543796
radix;small-range;2800;556623
radix;small-range;2900;557473
radix;small-range;3000;580794
radix;small-range;3100;606053
radix;small-range;3200;678567
radix;small-range;3300;699134
radix;small-range;3400;680197
radix;small-range;3500;682830
radix;small-range;3600;765371
radix;small-range;3700;758545
radix;small-range;3800;765150
radix;small-range;3900;780023
radix;small-range;4000;808466
radix;small-range;4100;853709
radix;big-range;100;36065
radix;big-range;200;55406
radix;big-range;300;73516
radix;big-range;400;92615
radix;big-range;500;124470
radix;big-range;600;136923
radix;big-range;700;151327
radix;big-range;800;169870
radix;big-range;900;208549
radix;big-range;1000;213193
radix;big-range;1100;228546
radix;big-range;1200;250304
radix;big-range;1300;263662
radix;big-range;1400;310524
radix;big-range;1500;301157
radix;big-range;1600;359186
radix;big-range;1700;361822
radix;big-range;1800;388767
radix;big-range;1900;383151
radix;big-range;2000;417029
radix;big-range;2100;430004
radix;big-range;2200;430260
radix;big-range;2300;449108
radix;big-range;2400;501033
radix;big-range;2500;530850
radix;big-range;2600;487102
radix;big-range;2700;541345
radix;big-range;2800;552554
radix;big-range;2900;561319
radix;big-range;3000;618447
radix;big-range;3100;640789
radix;big-range;3200;660117
radix;big-range;3300;707855
radix;big-range;3400;673461
radix;big-range;3500;702519
radix;big-range;3600;721026
radix;big-range;3700;731827
radix;big-range;3800;744747
radix;big-range;3900;738534
radix;big-range;4000;845646
radix;big-range;4100;807877
radix;almost-sorted;100;36092
radix;almost-sorted;200;57527
radix;almost-sorted;300;69331
radix;almost-sorted;400;88384
radix;almost-sorted;500;121236
radix;almost-sorted;600;141357
radix;almost-sorted;700;145392
radix;almost-sorted;800;164945
radix;almost-sorted;900;187337
radix;almost-sorted;1000;209174
radix;almost-sorted;1100;218119
radix;almost-sorted;1200;246650
radix;almost-sorted;1300;252959
radix;almost-sorted;1400;303211
radix;almost-sorted;1500;292038
radix;almost-sorted;1600;353008
radix;almost-sorted;1700;375463
radix;almost-sorted;1800;360647
radix;almost-sorted;1900;394064
radix;almost-sorted;2000;394356
radix;almost-sorted;2100;397225
radix;almost-sorted;2200;439771
radix;almost-sorted;2300;466007
radix;almost-sorted;2400;487715
radix;almost-sorted;2500;500862
radix;almost-sorted;2600;531080
radix;almost-sorted;2700;559112
radix;almost-sorted;2800;569883
radix;almost-sorted;2900;585400
radix;almost-sorted;3000;605005
radix;almost-sorted;3100;616377
radix;almost-sorted;3200;758486
radix;almost-sorted;3300;634037
radix;almost-sorted;3400;674355
radix;almost-sorted;3500;685807
radix;almost-sorted;3600;729823
radix;almost-sorted;3700;730270
radix;almost-sorted;3800;748416
radix;almost-sorted;3900;755088
radix;almost-sorted;4000;782108
radix;almost-sorted;4100;821600
radix;reversed;100;36910
radix;reversed;200;52797
radix;reversed;300;71919
radix;reversed;400;89827
radix;reversed;500;106793
radix;reversed;600;134477
radix;reversed;700;160055
radix;reversed;800;163497
radix;reversed;900;182130
radix;reversed;1000;229431
radix;reversed;1100;220778
radix;reversed;1200;241570
radix;reversed;1300;256015
radix;reversed;1400;292241
radix;reversed;1500;320352
radix;reversed;1600;341305
radix;reversed;1700;338787
radix;reversed;1800;395577
radix;reversed;1900;393977
radix;reversed;2000;384946
radix;reversed;2100;427772
radix;reversed;2200;462260
radix;reversed;2300;456634
radix;reversed;2400;492414
radix;reversed;2500;490473
radix;reversed;2600;505866
radix;reversed;2700;527899
radix;reversed;2800;550704
radix;reversed;2900;582806
radix;reversed;3000;604158
radix;reversed;3100;693701
radix;reversed;3200;649344
radix;reversed;3300;655726
radix;reversed;3400;662039
radix;reversed;3500;726440
radix;reversed;3600;700961
radix;reversed;3700;725011
radix;reversed;3800;737794
radix;reversed;3900;745022
radix;reversed;4000;801802
radix;reversed;4100;820152
merge;small-range;100;14403
merge;small-range;200;29643
merge;small-range;300;56355
merge;small-range;400;69192
merge;small-range;500;83546
merge;small-range;600;104424
merge;small-range;700;157939
merge;small-range;800;138202
merge;small-range;900;181919
merge;small-range;1000;173029
merge;small-range;1100;204228
merge;small-range;1200;257344
merge;small-range;1300;247572
merge;small-range;1400;262642
merge;small-range;1500;286836
merge;small-range;1600;300231
merge;small-range;1700;331922
merge;small-range;1800;353587
merge;small-range;1900;390966
merge;small-range;2000;403917
merge;small-range;2100;410096
merge;small-range;2200;455408
merge;small-range;2300;497435
merge;small-range;2400;478329
merge;small-range;2500;509947
merge;small-range;2600;523757
merge;small-range;2700;592849
merge;small-range;2800;590768
merge;small-range;2900;621754
merge;small-range;3000;611376
merge;small-range;3100;723358
merge;small-range;3200;653470
merge;small-range;3300;698003
merge;small-range;3400;740706
merge;small-range;3500;728960
merge;small-range;3600;736643
merge;small-range;3700;783561
merge;small-range;3800;807581
merge;small-range;3900;818929
merge;small-range;4000;830904
merge;small-range;4100;849068
merge;big-range;100;15175
merge;big-range;200;33678
merge;big-range;300;53265
merge;big-range;400;67981
merge;big-range;500;120703
merge;big-range;600;113492
merge;big-range;700;135414
merge;big-range;800;152629
merge;big-range;900;199922
merge;big-range;1000;221066
merge;big-range;1100;212924
merge;big-range;1200;275007
merge;big-range;1300;260960
merge;big-range;1400;320575
merge;big-range;1500;305950
merge;big-range;1600;364238
merge;big-range;1700;353401
merge;big-range;1800;375668
merge;big-range;1900;432140
merge;big-range;2000;423236
merge;big-range;2100;473217
merge;big-range;2200;469606
merge;big-range;2300;511533
merge;big-range;2400;553958
merge;big-range;2500;576848
merge;big-range;2600;620759
merge;big-range;2700;609361
merge;big-range;2800;663560
merge;big-range;2900;681770
merge;big-range;3000;770945
merge;big-range;3100;708155
merge;big-range;3200;773034
merge;big-range;3300;749131
merge;big-range;3400;798010
merge;big-range;3500;795468
merge;big-range;3600;866445
merge;big-range;3700;831756
merge;big-range;3800;842191
merge;big-range;3900;889045
merge;big-range;4000;955345
merge;big-range;4100;911335
merge;almost-sorted;100;13433
merge;almost-sorted;200;28867
merge;almost-sorted;300;48653
merge;almost-sorted;400;61872
merge;almost-sorted;500;109103
merge;almost-sorted;600;97298
merge;almost-sorted;700;132181
merge;almost-sorted;800;132347
merge;almost-sorted;900;174059
merge;almost-sorted;1000;169544
merge;almost-sorted;1100;189982
merge;almost-sorted;1200;229104
merge;almost-sorted;1300;235408
merge;almost-sorted;1400;279721
merge;almost-sorted;1500;263811
merge;almost-sorted;1600;285876
merge;almost-sorted;1700;317975
merge;almost-sorted;1800;347542
merge;almost-sorted;1900;343305
merge;almost-sorted;2000;356564
merge;almost-sorted;2100;439931
merge;almost-sorted;2200;416094
merge;almost-sorted;2300;443372
merge;almost-sorted;2400;456927
merge;almost-sorted;2500;508413
merge;almost-sorted;2600;545312
merge;almost-sorted;2700;533309
merge;almost-sorted;2800;561586
merge;almost-sorted;2900;567878
merge;almost-sorted;3000;622428
merge;almost-sorted;3100;629786
merge;almost-sorted;3200;651680
merge;almost-sorted;3300;657894
merge;almost-sorted;3400;677486
merge;almost-sorted;3500;692820
merge;almost-sorted;3600;758374
merge;almost-sorted;3700;712640
merge;almost-sorted;3800;733077
merge;almost-sorted;3900;776303
merge;almost-sorted;4000;827465
merge;almost-sorted;4100;835247
merge;reversed;100;21706
merge;reversed;200;41318
merge;reversed;300;45167
merge;reversed;400;69975
merge;reversed;500;82235
merge;reversed;600;101738
merge;reversed;700;115275
merge;reversed;800;148069
merge;reversed;900;167199
merge;reversed;1000;168841
merge;reversed;1100;210570
merge;reversed;1200;211403
merge;reversed;1300;243052
merge;reversed;1400;268884
merge;reversed;1500;272322
merge;reversed;1600;288217
merge;reversed;1700;334203
merge;reversed;1800;335531
merge;reversed;1900;364036
merge;reversed;2000;368528
merge;reversed;2100;392477
merge;reversed;2200;428925
merge;reversed;2300;465902
merge;reversed;2400;477907
merge;reversed;2500;464879
merge;reversed;2600;781935
merge;reversed;2700;607583
merge;reversed;2800;557517
merge;reversed;2900;588992
merge;reversed;3000;565589
merge;reversed;3100;633286
merge;reversed;3200;635724
merge;reversed;3300;675362
merge;reversed;3400;669430
merge;reversed;3500;684884
merge;reversed;3600;829864
merge;reversed;3700;730652
merge;reversed;3800;747811
merge;reversed;3900;846949
merge;reversed;4000;822185
merge;reversed;4100;831328
quick;small-range;100;4416
quick;small-range;200;10891
quick;small-range;300;19306
quick;small-range;400;22898
quick;small-range;500;30560
quick;small-range;600;39046
quick;small-range;700;46399
quick;small-range;800;53159
quick;small-range;900;81526
quick;small-range;1000;71246
quick;small-range;1100;80551
quick;small-range;1200;83844
quick;small-range;1300;110662
quick;small-range;1400;96763
quick;small-range;1500;109068
quick;small-range;1600;124550
quick;small-range;1700;121556
quick;small-range;1800;163335
quick;small-range;1900;142199
quick;small-range;2000;158542
quick;small-range;2100;163672
quick;small-range;2200;167413
quick;small-range;2300;181374
quick;small-range;2400;202322
quick;small-range;2500;217868
quick;small-range;2600;205669
quick;small-range;2700;208600
quick;small-range;2800;233545
quick;small-range;2900;221572
quick;small-range;3000;259761
quick;small-range;3100;260523
quick;small-range;3200;256895
quick;small-range;3300;266033
quick;small-range;3400;285828
quick;small-range;3500;302811
quick;small-range;3600;278515
quick;small-range;3700;294236
quick;small-range;3800;306640
quick;small-range;3900;305269
quick;small-range;4000;342362
quick;small-range;4100;351747
quick;big-range;100;4456
quick;big-range;200;11528
quick;big-range;300;22766
quick;big-range;400;49270
quick;big-range;500;41132
quick;big-range;600;55937
quick;big-range;700;63417
quick;big-range;800;73723
quick;big-range;900;105768
quick;big-range;1000;117968
quick;big-range;1100;108991
quick;big-range;1200;136649
quick;big-range;1300;144918
quick;big-range;1400;147223
quick;big-range;1500;162074
quick;big-range;1600;163776
quick;big-range;1700;196437
quick;big-range;1800;191248
quick;big-range;1900;221508
quick;big-range;2000;227115
quick;big-range;2100;247242
quick;big-range;2200;265207
quick;big-range;2300;267068
quick;big-range;2400;263310
quick;big-range;2500;304004
quick;big-range;2600;308259
quick;big-range;2700;332044
quick;big-range;2800;335569
quick;big-range;2900;357339
quick;big-range;3000;354906
quick;big-range;3100;367890
quick;big-range;3200;417197
quick;big-range;3300;427269
quick;big-range;3400;420393
quick;big-range;3500;436527
quick;big-range;3600;510984
quick;big-range;3700;468393
quick;big-range;3800;460640
quick;big-range;3900;467501
quick;big-range;4000;509728
quick;big-range;4100;605717
quick;almost-sorted;100;7820
quick;almost-sorted;200;22722
quick;almost-sorted;300;43806
quick;almost-sorted;400;80243
quick;almost-sorted;500;103784
quick;almost-sorted;600;170968
quick;almost-sorted;700;196059
quick;almost-sorted;800;232249
quick;almost-sorted;900;307766
quick;almost-sorted;1000;363734
quick;almost-sorted;1100;454981
quick;almost-sorted;1200;511357
quick;almost-sorted;1300;593916
quick;almost-sorted;1400;646545
quick;almost-sorted;1500;719125
quick;almost-sorted;1600;808320
quick;almost-sorted;1700;934607
quick;almost-sorted;1800;1022133
quick;almost-sorted;1900;1114011
quick;almost-sorted;2000;1264973
quick;almost-sorted;2100;1408056
quick;almost-sorted;2200;1438987
quick;almost-sorted;2300;1640437
quick;almost-sorted;2400;1690051
quick;almost-sorted;2500;1878138
quick;almost-sorted;2600;2097676
quick;almost-sorted;2700;2203795
quick;almost-sorted;2800;2460226
quick;almost-sorted;2900;2545355
quick;almost-sorted;3000;2681552
quick;almost-sorted;3100;3073573
quick;almost-sorted;3200;3441371
quick;almost-sorted;3300;3576464
quick;almost-sorted;3400;3715861
quick;almost-sorted;3500;2604971
quick;almost-sorted;3600;4756999
quick;almost-sorted;3700;4962863
quick;almost-sorted;3800;5418502
quick;almost-sorted;3900;6277268
quick;almost-sorted;4000;7665432
quick;almost-sorted;4100;14952046
quick;reversed;100;15102
quick;reversed;200;56227
quick;reversed;300;141710
quick;reversed;400;230017
quick;reversed;500;336481
quick;reversed;600;533961
quick;reversed;700;658064
quick;reversed;800;925508
quick;reversed;900;1126289
quick;reversed;1000;1367270
quick;reversed;1100;1681217
quick;reversed;1200;2052470
quick;reversed;1300;2522259
quick;reversed;1400;2726282
quick;reversed;1500;3157807
quick;reversed;1600;3582728
quick;reversed;1700;3969854
quick;reversed;1800;4613756
quick;reversed;1900;5033791
quick;reversed;2000;5560146
quick;reversed;2100;6091802
quick;reversed;2200;6708209
quick;reversed;2300;7479905
quick;reversed;2400;7992656
quick;reversed;2500;8643360
quick;reversed;2600;9283873
quick;reversed;2700;10213930
quick;reversed;2800;11109864
quick;reversed;2900;11747386
quick;reversed;3000;12500608
quick;reversed;3100;13431471
quick;reversed;3200;14152745
quick;reversed;3300;15173367
quick;reversed;3400;16198478
quick;reversed;3500;17042277
quick;reversed;3600;17867801
quick;reversed;3700;19322462
quick;reversed;3800;20013055
quick;reversed;3900;21369763
quick;reversed;4000;22262944
quick;reversed;4100;23452420
heap;small-range;100;8958
heap;small-range;200;22004
heap;small-range;300;39164
heap;small-range;400;68050
heap;small-range;500;67799
heap;small-range;600;93871
heap;small-range;700;106439
heap;small-range;800;115963
heap;small-range;900;149679
heap;small-range;1000;165789
heap;small-range;1100;168097
heap;small-range;1200;207353
heap;small-range;1300;200323
heap;small-range;1400;225014
heap;small-range;1500;268449
heap;small-range;1600;278325
heap;small-range;1700;279979
heap;small-range;1800;309042
heap;small-range;1900;323360
heap;small-range;2000;360071
heap;small-range;2100;353985
heap;small-range;2200;379190
heap;small-range;2300;423709
heap;small-range;2400;426469
heap;small-range;2500;443861
heap;small-range;2600;451963
heap;small-range;2700;506236
heap;small-range;2800;513045
heap;small-range;2900;537907
heap;small-range;3000;533952
heap;small-range;3100;573224
heap;small-range;3200;595371
heap;small-range;3300;563442
heap;small-range;3400;645559
heap;small-range;3500;642205
heap;small-range;3600;677317
heap;small-range;3700;693789
heap;small-range;3800;688773
heap;small-range;3900;751866
heap;small-range;4000;753804
heap;small-range;4100;735029
heap;big-range;100;10377
heap;big-range;200;33525
heap;big-range;300;61189
heap;big-range;400;90655
heap;big-range;500;84942
heap;big-range;600;110236
heap;big-range;700;126365
heap;big-range;800;169028
heap;big-range;900;182832
heap;big-range;1000;191167
heap;big-range;1100;230202
heap;big-range;1200;257466
heap;big-range;1300;279628
heap;big-range;1400;295129
heap;big-range;1500;322933
heap;big-range;1600;334258
heap;big-range;1700;368565
heap;big-range;1800;383506
heap;big-range;1900;428743
heap;big-range;2000;456767
heap;big-range;2100;467089
heap;big-range;2200;493174
heap;big-range;2300;531047
heap;big-range;2400;548000
heap;big-range;2500;560985
heap;big-range;2600;600608
heap;big-range;2700;612448
heap;big-range;2800;659892
heap;big-range;2900;672419
heap;big-range;3000;719556
heap;big-range;3100;723472
heap;big-range;3200;781227
heap;big-range;3300;768832
heap;big-range;3400;820089
heap;big-range;3500;891642
heap;big-range;3600;941008
heap;big-range;3700;918309
heap;big-range;3800;936335
heap;big-range;3900;943334
heap;big-range;4000;1057534
heap;big-range;4100;1024478
heap;almost-sorted;100;10232
heap;almost-sorted;200;25534
heap;almost-sorted;300;41717
heap;almost-sorted;400;59462
heap;almost-sorted;500;77574
heap;almost-sorted;600;96938
heap;almost-sorted;700;116233
heap;almost-sorted;800;133036
heap;almost-sorted;900;154953
heap;almost-sorted;1000;187068
heap;almost-sorted;1100;196916
heap;almost-sorted;1200;217758
heap;almost-sorted;1300;230303
heap;almost-sorted;1400;265321
heap;almost-sorted;1500;271451
heap;almost-sorted;1600;295427
heap;almost-sorted;1700;319703
heap;almost-sorted;1800;358559
heap;almost-sorted;1900;357921
heap;almost-sorted;2000;387877
heap;almost-sorted;2100;403617
heap;almost-sorted;2200;419558
heap;almost-sorted;2300;439290
heap;almost-sorted;2400;455399
heap;almost-sorted;2500;501320
heap;almost-sorted;2600;490079
heap;almost-sorted;2700;542976
heap;almost-sorted;2800;573002
heap;almost-sorted;2900;617073
heap;almost-sorted;3000;618742
heap;almost-sorted;3100;636076
heap;almost-sorted;3200;707679
heap;almost-sorted;3300;675513
heap;almost-sorted;3400;716315
heap;almost-sorted;3500;757113
heap;almost-sorted;3600;766817
heap;almost-sorted;3700;792371
heap;almost-sorted;3800;757316
heap;almost-sorted;3900;880346
heap;almost-sorted;4000;878344
heap;almost-sorted;4100;867264
heap;reversed;100;8360
heap;reversed;200;22412
heap;reversed;300;50466
heap;reversed;400;55888
heap;reversed;500;72580
heap;reversed;600;89896
heap;reversed;700;110450
heap;reversed;800;141582
heap;reversed;900;147915
heap;reversed;1000;158429
heap;reversed;1100;233996
heap;reversed;1200;199367
heap;reversed;1300;240732
heap;reversed;1400;243881
heap;reversed;1500;265399
heap;reversed;1600;278420
heap;reversed;1700;328762
heap;reversed;1800;315849
heap;reversed;1900;365801
heap;reversed;2000;362643
heap;reversed;2100;425304
heap;reversed;2200;412444
heap;reversed;2300;449864
heap;reversed;2400;480111
heap;reversed;2500;480813
heap;reversed;2600;492022
heap;reversed;2700;536687
heap;reversed;2800;567261
heap;reversed;2900;585490
heap;reversed;3000;588726
heap;reversed;3100;599916
heap;reversed;3200;617261
heap;reversed;3300;648002
heap;reversed;3400;667604
heap;reversed;3500;712809
heap;reversed;3600;719951
heap;reversed;3700;826021
heap;reversed;3800;792024
heap;reversed;3900;906258
heap;reversed;4000;803964
heap;reversed;4100;823701
shell-ciura;small-range;100;17720
shell-ciura;small-range;200;66822
shell-ciura;small-range;300;152524
shell-ciura;small-range;400;328092
shell-ciura;small-range;500;414230
shell-ciura;small-range;600;579718
shell-ciura;small-range;700;783254
shell-ciura;small-range;800;1104450
shell-ciura;small-range;900;1381690
shell-ciura;small-range;1000;1695794
shell-ciura;small-range;1100;2130011
shell-ciura;small-range;1200;2437281
shell-ciura;small-range;1300;2910665
shell-ciura;small-range;1400;3338914
shell-ciura;small-range;1500;3823549
shell-ciura;small-range;1600;4295287
shell-ciura;small-range;1700;4794349
shell-ciura;small-range;1800;5532529
shell-ciura;small-range;1900;6275853
shell-ciura;small-range;2000;6722746
shell-ciura;small-range;2100;7525179
shell-ciura;small-range;2200;8191672
shell-ciura;small-range;2300;8790335
shell-ciura;small-range;2400;9786824
shell-ciura;small-range;2500;10530684
shell-ciura;small-range;2600;11271346
shell-ciura;small-range;2700;12201490
shell-ciura;small-range;2800;13097820
shell-ciura;small-range;2900;14015947
shell-ciura;small-range;3000;15037576
shell-ciura;small-range;3100;15971511
shell-ciura;small-range;3200;17306184
shell-ciura;small-range;3300;18022510
shell-ciura;small-range;3400;19283778
shell-ciura;small-range;3500;20405128
shell-ciura;small-range;3600;21739072
shell-ciura;small-range;3700;22885658
shell-ciura;small-range;3800;24031192
shell-ciura;small-range;3900;25353172
shell-ciura;small-range;4000;26925564
shell-ciura;small-range;4100;28351953
shell-ciura;big-range;100;20778
shell-ciura;big-range;200;76582
shell-ciura;big-range;300;218791
shell-ciura;big-range;400;366864
shell-ciura;big-range;500;485019
shell-ciura;big-range;600;768116
shell-ciura;big-range;700;1044101
shell-ciura;big-range;800;1361635
shell-ciura;big-range;900;1700804
shell-ciura;big-range;1000;2013011
shell-ciura;big-range;1100;2629287
shell-ciura;big-range;1200;2901660
shell-ciura;big-range;1300;3452461
shell-ciura;big-range;1400;3990312
shell-ciura;big-range;1500;4640975
shell-ciura;big-range;1600;5198565
shell-ciura;big-range;1700;5883105
shell-ciura;big-range;1800;6543745
shell-ciura;big-range;1900;7356288
shell-ciura;big-range;2000;8375877
shell-ciura;big-range;2100;8969891
shell-ciura;big-range;2200;9759918
shell-ciura;big-range;2300;10714971
shell-ciura;big-range;2400;12054309
shell-ciura;big-range;2500;12694988
shell-ciura;big-range;2600;13729906
shell-ciura;big-range;2700;14789675
shell-ciura;big-range;2800;15895921
shell-ciura;big-range;2900;16928219
shell-ciura;big-range;3000;17983376
shell-ciura;big-range;3100;19639584
shell-ciura;big-range;3200;20625962
shell-ciura;big-range;3300;22446909
shell-ciura;big-range;3400;23075853
shell-ciura;big-range;3500;24474388
shell-ciura;big-range;3600;26499244
shell-ciura;big-range;3700;27857250
shell-ciura;big-range;3800;29608640
shell-ciura;big-range;3900;30091398
shell-ciura;big-range;4000;31801344
shell-ciura;big-range;4100;34395689
shell-ciura;almost-sorted;100;6143
shell-ciura;almost-sorted;200;10779
shell-ciura;almost-sorted;300;17577
shell-ciura;almost-sorted;400;24987
shell-ciura;almost-sorted;500;39583
shell-ciura;almost-sorted;600;40543
shell-ciura;almost-sorted;700;48668
shell-ciura;almost-sorted;800;55594
shell-ciura;almost-sorted;900;67727
shell-ciura;almost-sorted;1000;92000
shell-ciura;almost-sorted;1100;81146
shell-ciura;almost-sorted;1200;100610
shell-ciura;almost-sorted;1300;97157
shell-ciura;almost-sorted;1400;105596
shell-ciura;almost-sorted;1500;154274
shell-ciura;almost-sorted;1600;131079
shell-ciura;almost-sorted;1700;144705
shell-ciura;almost-sorted;1800;143926
shell-ciura;almost-sorted;1900;172196
shell-ciura;almost-sorted;2000;178930
shell-ciura;almost-sorted;2100;201654
shell-ciura;almost-sorted;2200;201283
shell-ciura;almost-sorted;2300;208799
shell-ciura;almost-sorted;2400;208075
shell-ciura;almost-sorted;2500;222975
shell-ciura;almost-sorted;2600;218398
shell-ciura;almost-sorted;2700;232660
shell-ciura;almost-sorted;2800;268930
shell-ciura;almost-sorted;2900;251255
shell-ciura;almost-sorted;3000;274819
shell-ciura;almost-sorted;3100;324819
shell-ciura;almost-sorted;3200;319239
shell-ciura;almost-sorted;3300;317156
shell-ciura;almost-sorted;3400;323714
shell-ciura;almost-sorted;3500;338008
shell-ciura;almost-sorted;3600;372184
shell-ciura;almost-sorted;3700;376690
shell-ciura;almost-sorted;3800;381509
shell-ciura;almost-sorted;3900;400346
shell-ciura;almost-sorted;4000;432198
shell-ciura;almost-sorted;4100;625484
shell-ciura;reversed;100;64033
shell-ciura;reversed;200;167471
shell-ciura;reversed;300;352493
shell-ciura;reversed;400;598952
shell-ciura;reversed;500;1155798
shell-ciura;reversed;600;1426003
shell-ciura;reversed;700;1994411
shell-ciura;reversed;800;2468458
shell-ciura;reversed;900;3201175
shell-ciura;reversed;1000;3947672
shell-ciura;reversed;1100;4710190
shell-ciura;reversed;1200;5678470
shell-ciura;reversed;1300;6668605
shell-ciura;reversed;1400;7773079
shell-ciura;reversed;1500;9158040
shell-ciura;reversed;1600;10190983
shell-ciura;reversed;1700;11427663
shell-ciura;reversed;1800;12797818
shell-ciura;reversed;1900;14489780
shell-ciura;reversed;2000;16083539
shell-ciura;reversed;2100;17454031
shell-ciura;reversed;2200;19376321
shell-ciura;reversed;2300;20941447
shell-ciura;reversed;2400;23625892
shell-ciura;reversed;2500;24720498
shell-ciura;reversed;2600;26889291
shell-ciura;reversed;2700;28846569
shell-ciura;reversed;2800;31089039
shell-ciura;reversed;2900;33368322
shell-ciura;reversed;3000;35512580
shell-ciura;reversed;3100;38227049
shell-ciura;reversed;3200;40661015
shell-ciura;reversed;3300;43226764
shell-ciura;reversed;3400;45837806
shell-ciura;reversed;3500;48804150
shell-ciura;reversed;3600;51353138
shell-ciura;reversed;3700;54340369
shell-ciura;reversed;3800;57673536
shell-ciura;reversed;3900;60329518
shell-ciura;reversed;4000;63468927
shell-ciura;reversed;4100;67159879
shell;small-range;100;3847
shell;small-range;200;9535
shell;small-range;300;15615
shell;small-range;400;26265
shell;small-range;500;29254
shell;small-range;600;39973
shell;small-range;700;48733
shell;small-range;800;72640
shell;small-range;900;67131
shell;small-range;1000;65195
shell;small-range;1100;81102
shell;small-range;1200;94531
shell;small-range;1300;92136
shell;small-range;1400;96960
shell;small-range;1500;107372
shell;small-range;1600;139223
shell;small-range;1700;127768
shell;small-range;1800;146207
shell;small-range;1900;129891
shell;small-range;2000;176019
shell;small-range;2100;167303
shell;small-range;2200;173752
shell;small-range;2300;166745
shell;small-range;2400;210395
shell;small-range;2500;199918
shell;small-range;2600;202089
shell;small-range;2700;211366
shell;small-range;2800;238807
shell;small-range;2900;224506
shell;small-range;3000;230857
shell;small-range;3100;224934
shell;small-range;3200;301614
shell;small-range;3300;247664
shell;small-range;3400;266203
shell;small-range;3500;244287
shell;small-range;3600;299098
shell;small-range;3700;277569
shell;small-range;3800;296003
shell;small-range;3900;258650
shell;small-range;4000;358507
shell;small-range;4100;399666
shell;big-range;100;7365
shell;big-range;200;19753
shell;big-range;300;34171
shell;big-range;400;50103
shell;big-range;500;68884
shell;big-range;600;82510
shell;big-range;700;97320
shell;big-range;800;122074
shell;big-range;900;161682
shell;big-range;1000;170706
shell;big-range;1100;176190
shell;big-range;1200;232874
shell;big-range;1300;220819
shell;big-range;1400;225907
shell;big-range;1500;258721
shell;big-range;1600;308366
shell;big-range;1700;317454
shell;big-range;1800;366411
shell;big-range;1900;323898
shell;big-range;2000;373480
shell;big-range;2100;409218
shell;big-range;2200;435715
shell;big-range;2300;417930
shell;big-range;2400;491375
shell;big-range;2500;482115
shell;big-range;2600;521881
shell;big-range;2700;537161
shell;big-range;2800;537732
shell;big-range;2900;553040
shell;big-range;3000;568884
shell;big-range;3100;714665
shell;big-range;3200;747833
shell;big-range;3300;747655
shell;big-range;3400;693566
shell;big-range;3500;692864
shell;big-range;3600;833050
shell;big-range;3700;717877
shell;big-range;3800;805837
shell;big-range;3900;768543
shell;big-range;4000;832386
shell;big-range;4100;1221289
shell;almost-sorted;100;9219
shell;almost-sorted;200;8729
shell;almost-sorted;300;16652
shell;almost-sorted;400;19389
shell;almost-sorted;500;28751
shell;almost-sorted;600;37628
shell;almost-sorted;700;59635
shell;almost-sorted;800;38851
shell;almost-sorted;900;52983
shell;almost-sorted;1000;61660
shell;almost-sorted;1100;82452
shell;almost-sorted;1200;82019
shell;almost-sorted;1300;89459
shell;almost-sorted;1400;103903
shell;almost-sorted;1500;116374
shell;almost-sorted;1600;89395
shell;almost-sorted;1700;123943
shell;almost-sorted;1800;107764
shell;almost-sorted;1900;171337
shell;almost-sorted;2000;131569
shell;almost-sorted;2100;161111
shell;almost-sorted;2200;150970
shell;almost-sorted;2300;201450
shell;almost-sorted;2400;143824
shell;almost-sorted;2500;174382
shell;almost-sorted;2600;185498
shell;almost-sorted;2700;191260
shell;almost-sorted;2800;219157
shell;almost-sorted;2900;237534
shell;almost-sorted;3000;230180
shell;almost-sorted;3100;339433
shell;almost-sorted;3200;191057
shell;almost-sorted;3300;282826
shell;almost-sorted;3400;253214
shell;almost-sorted;3500;260034
shell;almost-sorted;3600;243582
shell;almost-sorted;3700;319323
shell;almost-sorted;3800;303424
shell;almost-sorted;3900;324711
shell;almost-sorted;4000;270931
shell;almost-sorted;4100;567850
shell;reversed;100;3764
shell;reversed;200;8455
shell;reversed;300;14397
shell;reversed;400;19448
shell;reversed;500;35168
shell;reversed;600;36127
shell;reversed;700;40020
shell;reversed;800;43914
shell;reversed;900;52159
shell;reversed;1000;71574
shell;reversed;1100;72286
shell;reversed;1200;72114
shell;reversed;1300;84528
shell;reversed;1400;96859
shell;reversed;1500;95068
shell;reversed;1600;102749
shell;reversed;1700;107701
shell;reversed;1800;135894
shell;reversed;1900;125117
shell;reversed;2000;154176
shell;reversed;2100;156286
shell;reversed;2200;143286
shell;reversed;2300;191537
shell;reversed;2400;159432
shell;reversed;2500;208640
shell;reversed;2600;203394
shell;reversed;2700;214690
shell;reversed;2800;193864
shell;reversed;2900;208942
shell;reversed;3000;242309
shell;reversed;3100;220379
shell;reversed;3200;221893
shell;reversed;3300;299360
shell;reversed;3400;235591
shell;reversed;3500;248232
shell;reversed;3600;270339
shell;reversed;3700;288677
shell;reversed;3800;309044
shell;reversed;3900;284304
shell;reversed;4000;315721
shell;reversed;4100;306017
